expression	source_url
a good look	https://en.wiktionary.org/wiki/a_good_look
all it's cracked up to be	https://en.wiktionary.org/wiki/all_it's_cracked_up_to_be
all that	https://en.wiktionary.org/wiki/all_that
alone	https://en.wiktionary.org/wiki/alone
any	https://en.wiktionary.org/wiki/any
any longer	https://en.wiktionary.org/wiki/any_longer
any more	https://en.wiktionary.org/wiki/any_more
anymore	https://en.wiktionary.org/wiki/anymore
anywhere near	https://en.wiktionary.org/wiki/anywhere_near
arsed	https://en.wiktionary.org/wiki/arsed
at all	https://en.wiktionary.org/wiki/at_all
backward in coming forward	https://en.wiktionary.org/wiki/backward_in_coming_forward
bat an eye	https://en.wiktionary.org/wiki/bat_an_eye
bat an eyelid	https://en.wiktionary.org/wiki/bat_an_eyelid
be born yesterday	https://en.wiktionary.org/wiki/be_born_yesterday
be bothered	https://en.wiktionary.org/wiki/be_bothered
be worried	https://en.wiktionary.org/wiki/be_worried
bean	https://en.wiktionary.org/wiki/bean
beans	https://en.wiktionary.org/wiki/beans
believe one's ears	https://en.wiktionary.org/wiki/believe_one's_ears
believe one's eyes	https://en.wiktionary.org/wiki/believe_one's_eyes
believe one's own eyes	https://en.wiktionary.org/wiki/believe_one's_own_eyes
best pleased	https://en.wiktionary.org/wiki/best_pleased
biggy	https://en.wiktionary.org/wiki/biggy
bite	https://en.wiktionary.org/wiki/bite
bite the hand that feeds one	https://en.wiktionary.org/wiki/bite_the_hand_that_feeds_one
blind	https://en.wiktionary.org/wiki/blind
blind bit	https://en.wiktionary.org/wiki/blind_bit
blow someone's skirt up	https://en.wiktionary.org/wiki/blow_someone's_skirt_up
brain surgeon	https://en.wiktionary.org/wiki/brain_surgeon
brain surgery	https://en.wiktionary.org/wiki/brain_surgery
break a sweat	https://en.wiktionary.org/wiki/break_a_sweat
breathe a word	https://en.wiktionary.org/wiki/breathe_a_word
bring oneself to	https://en.wiktionary.org/wiki/bring_oneself_to
brook	https://en.wiktionary.org/wiki/brook
budge an inch	https://en.wiktionary.org/wiki/budge_an_inch
by any means	https://en.wiktionary.org/wiki/by_any_means
by any stretch of the imagination	https://en.wiktionary.org/wiki/by_any_stretch_of_the_imagination
by halves	https://en.wiktionary.org/wiki/by_halves
can't be bothered	https://en.wiktionary.org/wiki/can't_be_bothered
can't be fucked	https://en.wiktionary.org/wiki/can't_be_fucked
can't carry a tune in a bucket	https://en.wiktionary.org/wiki/can't_carry_a_tune_in_a_bucket
can't get enough	https://en.wiktionary.org/wiki/can't_get_enough
can't help	https://en.wiktionary.org/wiki/can't_help
can't seem	https://en.wiktionary.org/wiki/can't_seem
can't stand	https://en.wiktionary.org/wiki/can't_stand
can't stand the sight of	https://en.wiktionary.org/wiki/can't_stand_the_sight_of
can't wait	https://en.wiktionary.org/wiki/can't_wait
cannot away with	https://en.wiktionary.org/wiki/cannot_away_with
cannot but	https://en.wiktionary.org/wiki/cannot_but
cannot help but	https://en.wiktionary.org/wiki/cannot_help_but
care	https://en.wiktionary.org/wiki/care
care a button	https://en.wiktionary.org/wiki/care_a_button
care for	https://en.wiktionary.org/wiki/care_for
carry a tune	https://en.wiktionary.org/wiki/carry_a_tune
CCE	https://en.wiktionary.org/wiki/CCE
change horses in midstream	https://en.wiktionary.org/wiki/change_horses_in_midstream
clever	https://en.wiktionary.org/wiki/clever
cold in one's grave	https://en.wiktionary.org/wiki/cold_in_one's_grave
come up and bite	https://en.wiktionary.org/wiki/come_up_and_bite
could not care less	https://en.wiktionary.org/wiki/could_not_care_less
could not get elected dogcatcher	https://en.wiktionary.org/wiki/could_not_get_elected_dogcatcher
couldn't be more different	https://en.wiktionary.org/wiki/couldn't_be_more_different
couldn't care less	https://en.wiktionary.org/wiki/couldn't_care_less
couldn't carry a note in a bucket	https://en.wiktionary.org/wiki/couldn't_carry_a_note_in_a_bucket
couldn't happen to a nicer	https://en.wiktionary.org/wiki/couldn't_happen_to_a_nicer
couldn't organise a piss-up in a brewery	https://en.wiktionary.org/wiki/couldn't_organise_a_piss-up_in_a_brewery
couldn't stop a pig in a passage	https://en.wiktionary.org/wiki/couldn't_stop_a_pig_in_a_passage
cover oneself in glory	https://en.wiktionary.org/wiki/cover_oneself_in_glory
crack up	https://en.wiktionary.org/wiki/crack_up
cricket	https://en.wiktionary.org/wiki/cricket
cry over spilt milk	https://en.wiktionary.org/wiki/cry_over_spilt_milk
cut ice	https://en.wiktionary.org/wiki/cut_ice
cut it	https://en.wiktionary.org/wiki/cut_it
cut out	https://en.wiktionary.org/wiki/cut_out
cut the mustard	https://en.wiktionary.org/wiki/cut_the_mustard
damn	https://en.wiktionary.org/wiki/damn
day at the beach	https://en.wiktionary.org/wiki/day_at_the_beach
disarray	https://en.wiktionary.org/wiki/disarray
do by halves	https://en.wiktionary.org/wiki/do_by_halves
do not pass go, do not collect $200	https://en.wiktionary.org/wiki/do_not_pass_go,_do_not_collect_$200
do not pass go, do not collect £200	https://en.wiktionary.org/wiki/do_not_pass_go,_do_not_collect_£200
dog in the fight	https://en.wiktionary.org/wiki/dog_in_the_fight
don't ask, don't tell	https://en.wiktionary.org/wiki/don't_ask,_don't_tell
don't be a stranger	https://en.wiktionary.org/wiki/don't_be_a_stranger
don't call us, we'll call you	https://en.wiktionary.org/wiki/don't_call_us,_we'll_call_you
don't do anything I wouldn't do	https://en.wiktionary.org/wiki/don't_do_anything_I_wouldn't_do
don't get above your raising	https://en.wiktionary.org/wiki/don't_get_above_your_raising
don't get me wrong	https://en.wiktionary.org/wiki/don't_get_me_wrong
don't get someone started	https://en.wiktionary.org/wiki/don't_get_someone_started
don't get your meat where you get your bread	https://en.wiktionary.org/wiki/don't_get_your_meat_where_you_get_your_bread
don't go there	https://en.wiktionary.org/wiki/don't_go_there
don't let the bedbugs bite	https://en.wiktionary.org/wiki/don't_let_the_bedbugs_bite
don't let the door hit you on the way out	https://en.wiktionary.org/wiki/don't_let_the_door_hit_you_on_the_way_out
don't look a gift horse in the mouth	https://en.wiktionary.org/wiki/don't_look_a_gift_horse_in_the_mouth
don't shit where you eat	https://en.wiktionary.org/wiki/don't_shit_where_you_eat
draw a sober breath	https://en.wiktionary.org/wiki/draw_a_sober_breath
dry eye	https://en.wiktionary.org/wiki/dry_eye
enough sense to pound sand into a rathole	https://en.wiktionary.org/wiki/enough_sense_to_pound_sand_into_a_rathole
ever	none
exact science	https://en.wiktionary.org/wiki/exact_science
fazed	https://en.wiktionary.org/wiki/fazed
fellow	https://en.wiktionary.org/wiki/fellow
for beans	https://en.wiktionary.org/wiki/for_beans
for lack of trying	https://en.wiktionary.org/wiki/for_lack_of_trying
for one's life	https://en.wiktionary.org/wiki/for_one's_life
for sour apples	https://en.wiktionary.org/wiki/for_sour_apples
for the life of one	https://en.wiktionary.org/wiki/for_the_life_of_one
for toffee	https://en.wiktionary.org/wiki/for_toffee
fuck	https://en.wiktionary.org/wiki/fuck
fussed	https://en.wiktionary.org/wiki/fussed
gaf	https://en.wiktionary.org/wiki/gaf
get a word in	https://en.wiktionary.org/wiki/get_a_word_in
get a word in edgewise	https://en.wiktionary.org/wiki/get_a_word_in_edgewise
get one's head around	https://en.wiktionary.org/wiki/get_one's_head_around
get the memo	https://en.wiktionary.org/wiki/get_the_memo
getting any	https://en.wiktionary.org/wiki/getting_any
getting enough	https://en.wiktionary.org/wiki/getting_enough
give a crap	https://en.wiktionary.org/wiki/give_a_crap
give a damn	https://en.wiktionary.org/wiki/give_a_damn
give a darn	https://en.wiktionary.org/wiki/give_a_darn
give a fig	https://en.wiktionary.org/wiki/give_a_fig
give a flying fuck	https://en.wiktionary.org/wiki/give_a_flying_fuck
give a fuck	https://en.wiktionary.org/wiki/give_a_fuck
give a light	https://en.wiktionary.org/wiki/give_a_light
give a rat's arse	https://en.wiktionary.org/wiki/give_a_rat's_arse
give a shit	https://en.wiktionary.org/wiki/give_a_shit
give a stuff	https://en.wiktionary.org/wiki/give_a_stuff
give a tinker's cuss	https://en.wiktionary.org/wiki/give_a_tinker's_cuss
give a tinker's damn	https://en.wiktionary.org/wiki/give_a_tinker's_damn
give a toss	https://en.wiktionary.org/wiki/give_a_toss
give two hoots	https://en.wiktionary.org/wiki/give_two_hoots
give two shits	https://en.wiktionary.org/wiki/give_two_shits
go astray	https://en.wiktionary.org/wiki/go_astray
goddamn	https://en.wiktionary.org/wiki/goddamn
hand	https://en.wiktionary.org/wiki/hand
happy bunny	https://en.wiktionary.org/wiki/happy_bunny
have a clue	https://en.wiktionary.org/wiki/have_a_clue
have a cow	https://en.wiktionary.org/wiki/have_a_cow
have it	https://en.wiktionary.org/wiki/have_it
have no idea	https://en.wiktionary.org/wiki/have_no_idea
have no time for	https://en.wiktionary.org/wiki/have_no_time_for
have shit on	https://en.wiktionary.org/wiki/have_shit_on
have the first idea	https://en.wiktionary.org/wiki/have_the_first_idea
have the foggiest	https://en.wiktionary.org/wiki/have_the_foggiest
have the heart	https://en.wiktionary.org/wiki/have_the_heart
have truck with	https://en.wiktionary.org/wiki/have_truck_with
having it	https://en.wiktionary.org/wiki/having_it
hear of	https://en.wiktionary.org/wiki/hear_of
hear the end of it	https://en.wiktionary.org/wiki/hear_the_end_of_it
hide nor hair	https://en.wiktionary.org/wiki/hide_nor_hair
hill of beans	https://en.wiktionary.org/wiki/hill_of_beans
hold a candle	https://en.wiktionary.org/wiki/hold_a_candle
hold one's breath	https://en.wiktionary.org/wiki/hold_one's_breath
hold with	https://en.wiktionary.org/wiki/hold_with
hooter	https://en.wiktionary.org/wiki/hooter
hurt a fly	https://en.wiktionary.org/wiki/hurt_a_fly
ifs, ands, or buts	https://en.wiktionary.org/wiki/ifs,_ands,_or_buts
in any way, shape, or form	https://en.wiktionary.org/wiki/in_any_way,_shape,_or_form
in no small measure	https://en.wiktionary.org/wiki/in_no_small_measure
in no small part	https://en.wiktionary.org/wiki/in_no_small_part
in no uncertain terms	https://en.wiktionary.org/wiki/in_no_uncertain_terms
in someone's vocabulary	https://en.wiktionary.org/wiki/in_someone's_vocabulary
in the least	https://en.wiktionary.org/wiki/in_the_least
iota	https://en.wiktionary.org/wiki/iota
jack shit	https://en.wiktionary.org/wiki/jack_shit
jot	https://en.wiktionary.org/wiki/jot
just yet	https://en.wiktionary.org/wiki/just_yet
kelter	https://en.wiktionary.org/wiki/kelter
kick someone out of bed	https://en.wiktionary.org/wiki/kick_someone_out_of_bed
kilter	https://en.wiktionary.org/wiki/kilter
know A from B	https://en.wiktionary.org/wiki/know_A_from_B
know B from a battledore	https://en.wiktionary.org/wiki/know_B_from_a_battledore
know beans about	https://en.wiktionary.org/wiki/know_beans_about
know from a bar of soap	https://en.wiktionary.org/wiki/know_from_a_bar_of_soap
know one's arse from one's elbow	https://en.wiktionary.org/wiki/know_one's_arse_from_one's_elbow
know one's ass from a hole in the ground	https://en.wiktionary.org/wiki/know_one's_ass_from_a_hole_in_the_ground
know one's ass from one's elbow	https://en.wiktionary.org/wiki/know_one's_ass_from_one's_elbow
know shit from Shinola	https://en.wiktionary.org/wiki/know_shit_from_Shinola
know someone from a can of paint	https://en.wiktionary.org/wiki/know_someone_from_a_can_of_paint
know someone from Adam	https://en.wiktionary.org/wiki/know_someone_from_Adam
know someone from Eve	https://en.wiktionary.org/wiki/know_someone_from_Eve
know whether one is Arthur or Martha	https://en.wiktionary.org/wiki/know_whether_one_is_Arthur_or_Martha
know which end is up	https://en.wiktionary.org/wiki/know_which_end_is_up
lay a glove on	https://en.wiktionary.org/wiki/lay_a_glove_on
league	https://en.wiktionary.org/wiki/league
leave to chance	https://en.wiktionary.org/wiki/leave_to_chance
let alone	https://en.wiktionary.org/wiki/let_alone
lick	https://en.wiktionary.org/wiki/lick
lift a finger	https://en.wiktionary.org/wiki/lift_a_finger
like	https://en.wiktionary.org/wiki/like
live down	https://en.wiktionary.org/wiki/live_down
look past the end of one's nose	https://en.wiktionary.org/wiki/look_past_the_end_of_one's_nose
look past the tip of one's nose	https://en.wiktionary.org/wiki/look_past_the_tip_of_one's_nose
lost on	https://en.wiktionary.org/wiki/lost_on
mad	https://en.wiktionary.org/wiki/mad
make a habit of	https://en.wiktionary.org/wiki/make_a_habit_of
make head or tail of	https://en.wiktionary.org/wiki/make_head_or_tail_of
make no bones about	https://en.wiktionary.org/wiki/make_no_bones_about
make old bones	https://en.wiktionary.org/wiki/make_old_bones
make sense	https://en.wiktionary.org/wiki/make_sense
meddle and make	https://en.wiktionary.org/wiki/meddle_and_make
mince words	https://en.wiktionary.org/wiki/mince_words
never look a gift horse in the mouth	https://en.wiktionary.org/wiki/never_look_a_gift_horse_in_the_mouth
never the twain shall meet	https://en.wiktionary.org/wiki/never_the_twain_shall_meet
never the wiser	https://en.wiktionary.org/wiki/never_the_wiser
no brainer	https://en.wiktionary.org/wiki/no_brainer
no chill	https://en.wiktionary.org/wiki/no_chill
no contact, no contract	https://en.wiktionary.org/wiki/no_contact,_no_contract
no doubt	https://en.wiktionary.org/wiki/no_doubt
no flies on	https://en.wiktionary.org/wiki/no_flies_on
no fuss, no muss	https://en.wiktionary.org/wiki/no_fuss,_no_muss
no great shakes	https://en.wiktionary.org/wiki/no_great_shakes
no guts, no glory	https://en.wiktionary.org/wiki/no_guts,_no_glory
no harm, no foul	https://en.wiktionary.org/wiki/no_harm,_no_foul
no holds barred	https://en.wiktionary.org/wiki/no_holds_barred
no horse in that race	https://en.wiktionary.org/wiki/no_horse_in_that_race
no horse in this race	https://en.wiktionary.org/wiki/no_horse_in_this_race
no laughing matter	https://en.wiktionary.org/wiki/no_laughing_matter
no longer with us	https://en.wiktionary.org/wiki/no_longer_with_us
no love lost	https://en.wiktionary.org/wiki/no_love_lost
no mean feat	https://en.wiktionary.org/wiki/no_mean_feat
no one ever went broke underestimating the intelligence of the American public	https://en.wiktionary.org/wiki/no_one_ever_went_broke_underestimating_the_intelligence_of_the_American_public
no one ever went broke underestimating the taste of the American people	https://en.wiktionary.org/wiki/no_one_ever_went_broke_underestimating_the_taste_of_the_American_people
no one ever went broke underestimating the taste of the American public	https://en.wiktionary.org/wiki/no_one_ever_went_broke_underestimating_the_taste_of_the_American_public
no pain, no gain	https://en.wiktionary.org/wiki/no_pain,_no_gain
no prize pig	https://en.wiktionary.org/wiki/no_prize_pig
no questions asked	https://en.wiktionary.org/wiki/no_questions_asked
no skin off one's back	https://en.wiktionary.org/wiki/no_skin_off_one's_back
no skin off one's nose	https://en.wiktionary.org/wiki/no_skin_off_one's_nose
no spring chicken	https://en.wiktionary.org/wiki/no_spring_chicken
no tickee, no washee	https://en.wiktionary.org/wiki/no_tickee,_no_washee
no two ways about it	https://en.wiktionary.org/wiki/no_two_ways_about_it
no-doubt	https://en.wiktionary.org/wiki/no-doubt
no-holds-barred	https://en.wiktionary.org/wiki/no-holds-barred
no-questions-asked	https://en.wiktionary.org/wiki/no-questions-asked
nobody ever went broke underestimating the good taste of the American people	https://en.wiktionary.org/wiki/nobody_ever_went_broke_underestimating_the_good_taste_of_the_American_people
nobody ever went broke underestimating the intelligence of the American people	https://en.wiktionary.org/wiki/nobody_ever_went_broke_underestimating_the_intelligence_of_the_American_people
nobody ever went broke underestimating the intelligence of the American public	https://en.wiktionary.org/wiki/nobody_ever_went_broke_underestimating_the_intelligence_of_the_American_public
nobody ever went broke underestimating the taste of the American people	https://en.wiktionary.org/wiki/nobody_ever_went_broke_underestimating_the_taste_of_the_American_people
nobody ever went broke underestimating the taste of the American public	https://en.wiktionary.org/wiki/nobody_ever_went_broke_underestimating_the_taste_of_the_American_public
none of someone's business	https://en.wiktionary.org/wiki/none_of_someone's_business
none of your beeswax	https://en.wiktionary.org/wiki/none_of_your_beeswax
none the wiser	https://en.wiktionary.org/wiki/none_the_wiser
not a minute too soon	https://en.wiktionary.org/wiki/not_a_minute_too_soon
not a pretty sight	https://en.wiktionary.org/wiki/not_a_pretty_sight
not a sausage	https://en.wiktionary.org/wiki/not_a_sausage
not be able to hit the broad side of a barn	https://en.wiktionary.org/wiki/not_be_able_to_hit_the_broad_side_of_a_barn
not be caught dead	https://en.wiktionary.org/wiki/not_be_caught_dead
not bear thinking about	https://en.wiktionary.org/wiki/not_bear_thinking_about
not cricket	https://en.wiktionary.org/wiki/not_cricket
not do someone any favors	https://en.wiktionary.org/wiki/not_do_someone_any_favors
not do someone any favours	https://en.wiktionary.org/wiki/not_do_someone_any_favours
not even wrong	https://en.wiktionary.org/wiki/not_even_wrong
not give much for someone's chances	https://en.wiktionary.org/wiki/not_give_much_for_someone's_chances
not grow on trees	https://en.wiktionary.org/wiki/not_grow_on_trees
not have a bean	https://en.wiktionary.org/wiki/not_have_a_bean
not have a care in the world	https://en.wiktionary.org/wiki/not_have_a_care_in_the_world
not have a leg to stand on	https://en.wiktionary.org/wiki/not_have_a_leg_to_stand_on
not have a pot to piss in	https://en.wiktionary.org/wiki/not_have_a_pot_to_piss_in
not have a pot to piss in or a window to throw it out of	https://en.wiktionary.org/wiki/not_have_a_pot_to_piss_in_or_a_window_to_throw_it_out_of
not have the faintest	https://en.wiktionary.org/wiki/not_have_the_faintest
not have the faintest idea	https://en.wiktionary.org/wiki/not_have_the_faintest_idea
not have the first idea	https://en.wiktionary.org/wiki/not_have_the_first_idea
not in Kansas anymore	https://en.wiktionary.org/wiki/not_in_Kansas_anymore
not know one is born	https://en.wiktionary.org/wiki/not_know_one_is_born
not know what hit one	https://en.wiktionary.org/wiki/not_know_what_hit_one
not know whether one is coming or going	https://en.wiktionary.org/wiki/not_know_whether_one_is_coming_or_going
not know whether to shit or go blind	https://en.wiktionary.org/wiki/not_know_whether_to_shit_or_go_blind
not know whether to spit or go blind	https://en.wiktionary.org/wiki/not_know_whether_to_spit_or_go_blind
not know which way to turn	https://en.wiktionary.org/wiki/not_know_which_way_to_turn
not leave one's thoughts	https://en.wiktionary.org/wiki/not_leave_one's_thoughts
not long for	https://en.wiktionary.org/wiki/not_long_for
not long for this world	https://en.wiktionary.org/wiki/not_long_for_this_world
not make any bones about	https://en.wiktionary.org/wiki/not_make_any_bones_about
not much chop	https://en.wiktionary.org/wiki/not_much_chop
not much cop	https://en.wiktionary.org/wiki/not_much_cop
not much to look at	https://en.wiktionary.org/wiki/not_much_to_look_at
not see for looking	https://en.wiktionary.org/wiki/not_see_for_looking
not see someone for dust	https://en.wiktionary.org/wiki/not_see_someone_for_dust
not see straight	https://en.wiktionary.org/wiki/not_see_straight
not the sharpest knife in the drawer	https://en.wiktionary.org/wiki/not_the_sharpest_knife_in_the_drawer
not the sharpest tool in the shed	https://en.wiktionary.org/wiki/not_the_sharpest_tool_in_the_shed
not touch with a barge pole	https://en.wiktionary.org/wiki/not_touch_with_a_barge_pole
not touch with a ten-foot pole	https://en.wiktionary.org/wiki/not_touch_with_a_ten-foot_pole
not want to do that	https://en.wiktionary.org/wiki/not_want_to_do_that
not win for losing	https://en.wiktionary.org/wiki/not_win_for_losing
not with it	https://en.wiktionary.org/wiki/not_with_it
nothing to sneeze at	https://en.wiktionary.org/wiki/nothing_to_sneeze_at
nothing to write home about	https://en.wiktionary.org/wiki/nothing_to_write_home_about
nothing ventured, nothing gained	https://en.wiktionary.org/wiki/nothing_ventured,_nothing_gained
object	https://en.wiktionary.org/wiki/object
of	https://en.wiktionary.org/wiki/of
oil painting	https://en.wiktionary.org/wiki/oil_painting
on	https://en.wiktionary.org/wiki/on
out of the ordinary	https://en.wiktionary.org/wiki/out_of_the_ordinary
per se	https://en.wiktionary.org/wiki/per_se
pink tea	https://en.wiktionary.org/wiki/pink_tea
play with a full deck	https://en.wiktionary.org/wiki/play_with_a_full_deck
pull punches	https://en.wiktionary.org/wiki/pull_punches
push one's luck	https://en.wiktionary.org/wiki/push_one's_luck
put it past	https://en.wiktionary.org/wiki/put_it_past
put one's finger on	https://en.wiktionary.org/wiki/put_one's_finger_on
put past	https://en.wiktionary.org/wiki/put_past
put stock in	https://en.wiktionary.org/wiki/put_stock_in
put the cork back in the bottle	https://en.wiktionary.org/wiki/put_the_cork_back_in_the_bottle
put the genie back in the bottle	https://en.wiktionary.org/wiki/put_the_genie_back_in_the_bottle
put the toothpaste back in the tube	https://en.wiktionary.org/wiki/put_the_toothpaste_back_in_the_tube
qualm	https://en.wiktionary.org/wiki/qualm
red cent	https://en.wiktionary.org/wiki/red_cent
rhyme or reason	https://en.wiktionary.org/wiki/rhyme_or_reason
rocket science	https://en.wiktionary.org/wiki/rocket_science
rocket scientist	https://en.wiktionary.org/wiki/rocket_scientist
rocket surgery	https://en.wiktionary.org/wiki/rocket_surgery
row of pins	https://en.wiktionary.org/wiki/row_of_pins
ruffle any feathers	https://en.wiktionary.org/wiki/ruffle_any_feathers
savour	https://en.wiktionary.org/wiki/savour
say boo	https://en.wiktionary.org/wiki/say_boo
say boo to a goose	https://en.wiktionary.org/wiki/say_boo_to_a_goose
see beyond the end of one's nose	https://en.wiktionary.org/wiki/see_beyond_the_end_of_one's_nose
see beyond the tip of one's nose	https://en.wiktionary.org/wiki/see_beyond_the_tip_of_one's_nose
see daylight	https://en.wiktionary.org/wiki/see_daylight
see eye to eye	https://en.wiktionary.org/wiki/see_eye_to_eye
see past the end of one's nose	https://en.wiktionary.org/wiki/see_past_the_end_of_one's_nose
see past the tip of one's nose	https://en.wiktionary.org/wiki/see_past_the_tip_of_one's_nose
see the forest for the trees	https://en.wiktionary.org/wiki/see_the_forest_for_the_trees
see the wood for the trees	https://en.wiktionary.org/wiki/see_the_wood_for_the_trees
shadow	https://en.wiktionary.org/wiki/shadow
sight unseen	https://en.wiktionary.org/wiki/sight_unseen
sit right	https://en.wiktionary.org/wiki/sit_right
sleep a wink	https://en.wiktionary.org/wiki/sleep_a_wink
someone's cup of tea	https://en.wiktionary.org/wiki/someone's_cup_of_tea
someone's heart is in	https://en.wiktionary.org/wiki/someone's_heart_is_in
something to write home about	https://en.wiktionary.org/wiki/something_to_write_home_about
stand	https://en.wiktionary.org/wiki/stand
stim	https://en.wiktionary.org/wiki/stim
straw	https://en.wiktionary.org/wiki/straw
stroke of work	https://en.wiktionary.org/wiki/stroke_of_work
suffer fools gladly	https://en.wiktionary.org/wiki/suffer_fools_gladly
take kindly	https://en.wiktionary.org/wiki/take_kindly
take lightly	https://en.wiktionary.org/wiki/take_lightly
take no for an answer	https://en.wiktionary.org/wiki/take_no_for_an_answer
take sitting down	https://en.wiktionary.org/wiki/take_sitting_down
tap	https://en.wiktionary.org/wiki/tap
teach grandma how to suck eggs	https://en.wiktionary.org/wiki/teach_grandma_how_to_suck_eggs
telling	https://en.wiktionary.org/wiki/telling
that guy	https://en.wiktionary.org/wiki/that_guy
the full quid	https://en.wiktionary.org/wiki/the_full_quid
the full shilling	https://en.wiktionary.org/wiki/the_full_shilling
the half of it	https://en.wiktionary.org/wiki/the_half_of_it
the math is mathing	https://en.wiktionary.org/wiki/the_math_is_mathing
thing	https://en.wiktionary.org/wiki/thing
think much of	https://en.wiktionary.org/wiki/think_much_of
think straight	https://en.wiktionary.org/wiki/think_straight
throw someone out of bed	https://en.wiktionary.org/wiki/throw_someone_out_of_bed
to no avail	https://en.wiktionary.org/wiki/to_no_avail
to save one's life	https://en.wiktionary.org/wiki/to_save_one's_life
to speak of	https://en.wiktionary.org/wiki/to_speak_of
trust someone across the street	https://en.wiktionary.org/wiki/trust_someone_across_the_street
trust someone as far as one could throw them	https://en.wiktionary.org/wiki/trust_someone_as_far_as_one_could_throw_them
turn a hair	https://en.wiktionary.org/wiki/turn_a_hair
uncalled for	https://en.wiktionary.org/wiki/uncalled_for
uncalled-for	https://en.wiktionary.org/wiki/uncalled-for
under no circumstances	https://en.wiktionary.org/wiki/under_no_circumstances
unfuck	https://en.wiktionary.org/wiki/unfuck
unheard of	https://en.wiktionary.org/wiki/unheard_of
unheard-of	https://en.wiktionary.org/wiki/unheard-of
unkempt	https://en.wiktionary.org/wiki/unkempt
unsee	https://en.wiktionary.org/wiki/unsee
unsung hero	https://en.wiktionary.org/wiki/unsung_hero
unwieldy	https://en.wiktionary.org/wiki/unwieldy
up to no good	https://en.wiktionary.org/wiki/up_to_no_good
walk and chew gum at the same time	https://en.wiktionary.org/wiki/walk_and_chew_gum_at_the_same_time
wasn't	https://en.wiktionary.org/wiki/wasn't
way out of a paper bag	https://en.wiktionary.org/wiki/way_out_of_a_paper_bag
way to run a railroad	https://en.wiktionary.org/wiki/way_to_run_a_railroad
whack	https://en.wiktionary.org/wiki/whack
wieldy	https://en.wiktionary.org/wiki/wieldy
wild horses	https://en.wiktionary.org/wiki/wild_horses
with it	https://en.wiktionary.org/wiki/with_it
with us	https://en.wiktionary.org/wiki/with_us
within a bull's roar	https://en.wiktionary.org/wiki/within_a_bull's_roar
wouldn't be seen dead	https://en.wiktionary.org/wiki/wouldn't_be_seen_dead
wouldn't harm a fly	https://en.wiktionary.org/wiki/wouldn't_harm_a_fly
wouldn't shout if a shark bit him	https://en.wiktionary.org/wiki/wouldn't_shout_if_a_shark_bit_him
wouldn't touch with yours	https://en.wiktionary.org/wiki/wouldn't_touch_with_yours
wouldn't work in an iron lung	https://en.wiktionary.org/wiki/wouldn't_work_in_an_iron_lung
yet	https://en.wiktionary.org/wiki/yet
you don't dip your pen in company ink	https://en.wiktionary.org/wiki/you_don't_dip_your_pen_in_company_ink
